INSERT INTO ACCOUNT (account_id, type, apply, opening_Date, name, phone_number, email) VALUES(1,"card",True,"2021-11-08T11:44:30.327959","이남사","010","lsn");
INSERT INTO ACCOUNT (account_id, type, apply, opening_Date, name, phone_number, email) VALUES(2,"card",True,"2011-12-08T11:44:30.327959","박지사","010","lsn");
INSERT INTO ACCOUNT (account_id, type, apply, opening_Date, name, phone_number, email) VALUES(3,"card",True,"2012-10-08T11:44:30.327959","추너사","010","lsn");
INSERT INTO ACCOUNT (account_id, type, apply, opening_Date, name, phone_number, email) VALUES(4,"card",True,"2012-10-08T11:44:30.327959","키어고","010","lsn");
INSERT INTO ACCOUNT (account_id, type, apply, opening_Date, name, phone_number, email) VALUES(5,"card",True,"2012-10-08T11:44:30.327959","박찬솔","010","lsn");
INSERT INTO ACCOUNT (account_id, type, apply, opening_Date, name, phone_number, email) VALUES(6,"card",True,"2012-10-08T11:44:30.327959","솔이","010","lsn");
INSERT INTO ACCOUNT (account_id, type, apply, opening_Date, name, phone_number, email) VALUES(7,"card",True,"2012-10-08T11:44:30.327959","커오","010","lsn");
INSERT INTO ACCOUNT (account_id, type, apply, opening_Date, name, phone_number, email) VALUES(8,"card",True,"2012-10-08T11:44:30.327959","휴오","010","lsn");
INSERT INTO ACCOUNT (account_id, type, apply, opening_Date, name, phone_number, email) VALUES(9,"card",True,"2012-10-08T11:44:30.327959","박지사","010","lsn");






INSERT INTO Card (card_Id, apply_Date, card_Limit, pay_Date, type, reg_Number) VALUES(1,"2021-11-08T11:44:30.327959",12, "2021-11-10T11:44:30.327959", "card", "011229");
INSERT INTO Card (card_Id, apply_Date, card_Limit, pay_Date, type, reg_Number) VALUES(2,"2020-12-08T11:44:30.327959",11, "2021-12-12T11:44:30.327959", "card_impo", "011229");
INSERT INTO Card (card_Id, apply_Date, card_Limit, pay_Date, type, reg_Number) VALUES(3,"2022-03-08T11:44:30.327959",9, "2021-03-10T11:44:30.327959", "card_mzj", "011229");
INSERT INTO Card (card_Id, apply_Date, card_Limit, pay_Date, type, reg_Number) VALUES(4,"2022-03-08T11:44:30.327959",9, "2021-03-10T11:44:30.327959", "card_mzj", "011230");




INSERT INTO Client (client_id, reg_Number, name, address, birth, email, phone_Number, job) VALUES(1,"011229","이머로", "경기도", "2021-11-28", "lz561","0103","stu");
INSERT INTO Client (client_id, reg_Number, name, address, birth, email, phone_Number, job) VALUES(2,"011230","박이키", "충천도", "2022-11-27", "lz561","0103","stu");
INSERT INTO Client (client_id, reg_Number, name, address, birth, email, phone_Number, job) VALUES(3,"011228","구나커", "전라도", "2022-11-30", "lz561","0103","stu");
INSERT INTO Client (client_id, reg_Number, name, address, birth, email, phone_Number, job) VALUES(4,"011227","키머커", "경상도", "2021-11-29", "lz561","0103","stu");

INSERT INTO History (id, account_id, daw_Date, transaction_Number, deposit_Type, deposit_Contents, amount, balance) VALUES(1, 1, "2022-10-21T11:44:30.327959", 1, "DKDK", "HIHEELPW", 1000, 2)
INSERT INTO History (id, account_id, daw_Date, transaction_Number, deposit_Type, deposit_Contents, amount, balance) VALUES(2, 1, "2022-10-10T11:44:30.327959", 1, "DKDK", "HIHEELPW", 1000, 2)
INSERT INTO History (id, account_id, daw_Date, transaction_Number, deposit_Type, deposit_Contents, amount, balance) VALUES(3, 1, "2022-11-08T11:44:30.327959", 1, "DKDK", "HIHEELPW", 1000, 2)
INSERT INTO History (id, account_id, daw_Date, transaction_Number, deposit_Type, deposit_Contents, amount, balance) VALUES(4, 1, "2021-11-09T11:44:30.327959", 1, "DKDK", "HIHEELPW", 1000, 2)
INSERT INTO History (id, account_id, daw_Date, transaction_Number, deposit_Type, deposit_Contents, amount, balance) VALUES(5, 2, "2021-11-08T11:44:30.327959", 1, "DKDK", "HIHEELPW", 1000, 2)
INSERT INTO History (id, account_id, daw_Date, transaction_Number, deposit_Type, deposit_Contents, amount, balance) VALUES(6, 1, "2022-11-20T11:44:30.327959", 1, "DKDK", "HIHEELPW", 1000, 2)
INSERT INTO History (id, account_id, daw_Date, transaction_Number, deposit_Type, deposit_Contents, amount, balance) VALUES(7, 2, "2022-11-29T11:44:30.327959", 1, "DKDK", "HIHEELPW", 1000, 2)
INSERT INTO History (id, account_id, daw_Date, transaction_Number, deposit_Type, deposit_Contents, amount, balance) VALUES(8, 1, "2022-11-19T11:44:30.327959", 1, "DKDK", "HIHEELPW", 1000, 2)
INSERT INTO History (id, account_id, daw_Date, transaction_Number, deposit_Type, deposit_Contents, amount, balance) VALUES(9, 2, "2022-11-17T11:44:30.327959", 1, "DKDK", "HIHEELPW", 1000, 2)
INSERT INTO History (id, account_id, daw_Date, transaction_Number, deposit_Type, deposit_Contents, amount, balance) VALUES(10, 1, "2022-11-09T11:44:30.327959", 1, "DKDK", "HIHEELPW", 1000, 2)
